{"cameraMode":{"drawMode":0,"name":"Shaded","section":"Shading Mode"},"sceneLighting":true,"audioPlay":false,"sceneViewState":{"m_AlwaysRefresh":false,"showFog":true,"showSkybox":false,"showFlares":true,"showImageEffects":true,"showParticleSystems":true,"showVisualEffectGraphs":true,"m_FxEnabled":true},"in2DMode":false,"pivot":{"x":1.0249996185302735,"y":2.946320056915283,"z":-3.8145179748535158},"rotation":{"x":-0.048272982239723209,"y":0.005751078017055988,"z":0.0011450850870460272,"w":-0.9983395934104919},"size":15.073068618774414,"orthographic":false}