{"cameraMode":{"drawMode":0,"name":"Shaded","section":"Shading Mode"},"sceneLighting":true,"audioPlay":false,"sceneViewState":{"m_AlwaysRefresh":false,"showFog":true,"showSkybox":false,"showFlares":true,"showImageEffects":true,"showParticleSystems":true,"showVisualEffectGraphs":true,"m_FxEnabled":true},"in2DMode":false,"pivot":{"x":1.3085920810699463,"y":7.776841640472412,"z":-0.13790461421012879},"rotation":{"x":0.2276201993227005,"y":0.026620477437973024,"z":-0.007430442608892918,"w":0.9731464982032776},"size":3.636000633239746,"orthographic":false}